{"labels": [0, 0, 0, 0, 0, 0, 0, 0, 0, 0, 0, 0, 0, 0, 0, 0, 0, 0, 0, 0, 0, 0, 0, 0, 0, 0, 0, 0, 0, 0, 0, 0, 0, 0, 0, 0, 0, 0, 0, 0, 0, 0, 0, 0, 0, 0, 0, 0, 0, 0, 0, 0, 0, 0, 0, 0, 0, 0, 0, 0, 0, 0, 0, 0, 0, 0, 0, 0, 0, 0, 0, 0, 0, 0, 0, 0, 0, 0, 0, 0, 0, 0, 0, 0, 0, 0, 0, 0, 0, 0, 0, 0, 0, 0, 0, 0, 0, 0, 0, 0], "bboxes": [[479.4256591796875, 308.1839294433594, 501.6378173828125, 330.3592224121094], [483.525634765625, 469.33807373046875, 493.97796630859375, 479.45574951171875], [144.17884826660156, 92.94085693359375, 157.72698974609375, 106.41455078125], [6.744618892669678, 384.96929931640625, 50.043182373046875, 428.40533447265625], [114.92317962646484, 277.2066650390625, 131.42967224121094, 293.9521484375], [303.076904296875, 226.76773071289062, 346.17901611328125, 269.4291076660156], [151.77989196777344, 258.8138732910156, 163.2742919921875, 270.21197509765625], [288.2511291503906, 313.35723876953125, 300.02825927734375, 325.16302490234375], [404.2228698730469, 216.40928649902344, 430.82916259765625, 243.50698852539062], [177.11181640625, 190.08934020996094, 189.3759765625, 202.33738708496094], [218.3817596435547, 215.68980407714844, 229.353759765625, 226.66543579101562], [79.13936614990234, 231.6940155029297, 90.24710083007812, 242.7791748046875], [426.54693603515625, 229.15524291992188, 452.99737548828125, 256.1861267089844], [444.92218017578125, 426.991943359375, 457.6242370605469, 439.744873046875], [351.4242858886719, 353.6847839355469, 362.04693603515625, 364.33209228515625], [118.8380126953125, 251.54193115234375, 129.88909912109375, 262.540771484375], [61.237945556640625, 302.2699890136719, 74.3902587890625, 316.1087646484375], [83.17881774902344, 82.03001403808594, 93.84825134277344, 92.7196273803711], [21.604930877685547, 301.754150390625, 35.31440734863281, 315.3144226074219], [335.070068359375, 153.95985412597656, 346.90887451171875, 165.81997680664062], [104.43990325927734, 208.27304077148438, 114.17924499511719, 218.0505828857422], [216.2181396484375, 382.06280517578125, 226.9521484375, 392.8262939453125], [261.28607177734375, 36.79645919799805, 271.95233154296875, 47.497413635253906], [117.54806518554688, 142.220458984375, 128.77870178222656, 153.39608764648438], [326.911865234375, 431.5030212402344, 337.46136474609375, 442.11224365234375], [253.6905517578125, 429.07373046875, 264.06817626953125, 439.4082946777344], [123.83863830566406, 370.24957275390625, 137.15826416015625, 383.32012939453125], [359.033447265625, 397.7792663574219, 371.15081787109375, 409.7716979980469], [151.30917358398438, 275.43194580078125, 164.1312713623047, 287.8072509765625], [169.1753692626953, 347.31201171875, 182.28555297851562, 360.396728515625], [359.74029541015625, 446.7059020996094, 382.7629089355469, 470.058349609375], [339.70379638671875, 179.671630859375, 352.2391052246094, 192.1987762451172], [13.025609970092773, 94.78832244873047, 33.64234924316406, 116.34347534179688], [36.53348159790039, 268.98858642578125, 49.53825378417969, 281.9190673828125], [239.00486755371094, 261.06451416015625, 251.41075134277344, 273.61761474609375], [115.51775360107422, 395.4380798339844, 125.13787078857422, 405.04022216796875], [112.72189331054688, 40.557315826416016, 122.60804748535156, 50.59934616088867], [149.1182403564453, 472.8941650390625, 159.99700927734375, 483.14410400390625], [101.99772644042969, 249.49755859375, 112.69549560546875, 260.4110107421875], [97.4403305053711, 447.79803466796875, 106.39510345458984, 456.6397399902344], [132.9735107421875, 456.3485107421875, 142.3335418701172, 465.7143249511719], [174.11148071289062, 423.6905212402344, 184.11282348632812, 433.87982177734375], [173.46463012695312, 164.46791076660156, 182.71185302734375, 173.76585388183594], [182.95553588867188, 430.4460144042969, 192.3238983154297, 439.6647644042969], [95.29095458984375, 217.19757080078125, 104.49736022949219, 226.52622985839844], [446.10736083984375, 406.6015319824219, 454.9214782714844, 415.5392761230469], [174.72227478027344, 265.12640380859375, 254.21446228027344, 335.37646484375], [88.66232299804688, 264.1490783691406, 97.76716613769531, 273.2000732421875], [300.25738525390625, 325.9703369140625, 310.8961181640625, 336.4557800292969], [405.96099853515625, 0.0, 503.43170166015625, 74.89156341552734], [330.9021301269531, 144.38296508789062, 340.33197021484375, 153.939208984375], [289.842041015625, 71.35458374023438, 303.474609375, 85.23483276367188], [492.87799072265625, 376.55938720703125, 512.0, 400.5028991699219], [106.77659606933594, 332.08154296875, 121.43389892578125, 346.9731140136719], [123.76991271972656, 33.705196380615234, 134.28797912597656, 44.21101379394531], [401.2437438964844, 116.2923583984375, 411.996826171875, 127.30682373046875], [74.04399108886719, 270.38873291015625, 85.0746841430664, 281.0755310058594], [102.6824951171875, 264.5254821777344, 112.27288818359375, 274.3655700683594], [176.17794799804688, 14.439628601074219, 208.47872924804688, 46.1169548034668], [326.0030517578125, 262.10870361328125, 337.835205078125, 274.0516052246094], [203.50259399414062, 160.3299560546875, 211.95925903320312, 168.75881958007812], [315.501953125, 206.16058349609375, 326.15185546875, 216.58612060546875], [299.28411865234375, 52.20150375366211, 308.69915771484375, 61.48049545288086], [147.00198364257812, 276.7099609375, 159.40765380859375, 288.3921203613281], [449.0111083984375, 375.13140869140625, 457.9068603515625, 384.0465087890625], [129.49053955078125, 397.27642822265625, 138.53213500976562, 406.09649658203125], [246.0247802734375, 214.1544647216797, 255.7977752685547, 223.94650268554688], [434.44708251953125, 270.19488525390625, 463.2833251953125, 306.207275390625], [370.459228515625, 121.29924011230469, 414.469970703125, 164.88381958007812], [80.67305755615234, 154.45367431640625, 101.5847396850586, 175.14077758789062], [488.4344482421875, 269.06524658203125, 507.0509033203125, 287.6210632324219], [481.07208251953125, 340.3965148925781, 502.92755126953125, 363.1270446777344], [461.552734375, 375.1029052734375, 481.21771240234375, 395.9207763671875], [413.7189636230469, 222.38238525390625, 444.9012451171875, 252.59341430664062], [361.8203125, 423.4196472167969, 381.589111328125, 443.58843994140625], [424.87738037109375, 24.905651092529297, 472.9219665527344, 74.45059204101562], [447.0513916015625, 277.47833251953125, 495.57818603515625, 322.31842041015625], [377.5675964355469, 226.9320068359375, 408.2882995605469, 261.64959716796875], [331.45123291015625, 457.8942565917969, 363.9166259765625, 491.16265869140625], [307.1557312011719, 448.6883239746094, 334.00177001953125, 475.45941162109375], [392.65557861328125, 29.438095092773438, 415.8516845703125, 53.6768913269043], [476.93743896484375, 363.1221618652344, 498.066650390625, 383.04461669921875], [331.01177978515625, 188.0896453857422, 375.65020751953125, 233.3621063232422], [439.84527587890625, 279.130126953125, 476.9915771484375, 314.5343017578125], [330.9181213378906, 466.623046875, 353.6457214355469, 489.60101318359375], [396.21820068359375, 219.7439422607422, 426.54217529296875, 248.56661987304688], [61.49256134033203, 141.13153076171875, 80.55729675292969, 160.38914489746094], [491.66131591796875, 172.8485565185547, 510.2798767089844, 192.32431030273438], [182.6516571044922, 23.443492889404297, 211.77597045898438, 57.69676971435547], [466.08203125, 54.305877685546875, 512.0, 111.27828979492188], [373.1617431640625, 288.26416015625, 413.2052917480469, 329.06756591796875], [426.1888427734375, 319.3166809082031, 470.51593017578125, 364.3110046386719], [461.30657958984375, 283.456787109375, 505.5328063964844, 329.18463134765625], [344.37213134765625, 188.72418212890625, 395.9119873046875, 233.45938110351562], [278.076171875, 22.40718650817871, 441.19586181640625, 176.416259765625], [15.118230819702148, 4.007105827331543, 172.34854125976562, 163.2105712890625], [478.0799560546875, 347.39703369140625, 503.10919189453125, 374.5413818359375], [208.07603454589844, 0.0, 393.0816345214844, 